{"0":{"precision":0.8934875228,"recall":0.922690132,"f1-score":0.9078540507,"support":1591.0},"1":{"precision":0.6535211268,"recall":0.57002457,"f1-score":0.6089238845,"support":407.0},"accuracy":{"precision":0.8508508509,"recall":0.8508508509,"f1-score":0.8508508509,"support":0.8508508509},"macro avg":{"precision":0.7735043248,"recall":0.746357351,"f1-score":0.7583889676,"support":1998.0},"weighted avg":{"precision":0.8446054792,"recall":0.8508508509,"f1-score":0.8469608687,"support":1998.0}}