{"0":{"precision":0.8948012232,"recall":0.9195474544,"f1-score":0.9070055797,"support":1591.0},"1":{"precision":0.6473829201,"recall":0.5773955774,"f1-score":0.6103896104,"support":407.0},"accuracy":{"precision":0.8498498498,"recall":0.8498498498,"f1-score":0.8498498498,"support":0.8498498498},"macro avg":{"precision":0.7710920717,"recall":0.7484715159,"f1-score":0.758697595,"support":1998.0},"weighted avg":{"precision":0.8444011985,"recall":0.8498498498,"f1-score":0.8465838081,"support":1998.0}}