{"0":{"precision":0.8894230769,"recall":0.9302325581,"f1-score":0.9093701997,"support":1591.0},"1":{"precision":0.6676646707,"recall":0.5479115479,"f1-score":0.6018893387,"support":407.0},"accuracy":{"precision":0.8523523524,"recall":0.8523523524,"f1-score":0.8523523524,"support":0.8523523524},"macro avg":{"precision":0.7785438738,"recall":0.739072053,"f1-score":0.7556297692,"support":1998.0},"weighted avg":{"precision":0.8442500682,"recall":0.8523523524,"f1-score":0.8467352095,"support":1998.0}}